,回答者33,回答者34,回答者35,回答者36,回答者37,回答者38,回答者39,回答者40,回答者41,回答者42,回答者43,回答者44,回答者45,回答者46,回答者47,回答者48,回答者49,回答者50,回答者51,回答者52
氏名（仮名）,学生33,学生34,学生35,学生36,学生37,学生38,学生39,学生40,学生41,学生42,学生43,学生44,学生45,学生46,学生47,学生48,学生49,学生50,学生51,学生52
所属・学年,工学部 機械知能・航空工学科 学部3年,経済学部 経済学科 学部2年,文学部 英文学科 学部4年,情報科学研究科 応用情報学専攻 修士2年,工学部 機械知能・航空工学科 学部3年,医学部 医学科 学部5年,医学部 医学科 学部5年,経済学部 経済学科 学部2年,教育学部 教育学科 学部1年,情報科学研究科 応用情報学専攻 修士2年,情報科学研究科 応用情報学専攻 修士2年,理学研究科 化学専攻 修士1年,医学部 医学科 学部5年,薬学研究科 分子薬科学専攻 博士2年,情報科学研究科 応用情報学専攻 修士2年,教育学部 教育学科 学部1年,経済学部 経済学科 学部2年,法学部 法律学科 学部3年,経済学部 経済学科 学部2年,文学部 英文学科 学部4年
留学期間（年月〜年月）,2025/03〜2025/08,2024/04〜2025/01,2023/01〜2024/01,2024/01〜2024/05,2025/04〜2025/07,2023/02〜2023/07,2024/08〜2024/10,2025/02〜2025/08,2024/02〜2024/03,2024/05〜2024/10,2025/02〜2025/11,2023/08〜2024/08,2024/04〜2024/07,2024/04〜2024/08,2025/06〜2025/08,2024/08〜2024/11,2024/08〜2025/08,2025/05〜2025/09,2025/07〜2025/09,2024/04〜2024/10
留学タイプ,短期語学,交換留学,交換留学,集中型,インターン留学,短期語学,インターン留学,短期語学,短期語学,インターン留学,インターン留学,交換留学,短期語学,短期語学,インターン留学,交換留学,集中型,インターン留学,短期語学,研究留学
国・地域,カナダ,カナダ,中国,シンガポール,韓国,イギリス,シンガポール,シンガポール,オーストラリア,イタリア,イギリス,フランス,イギリス,ドイツ,オーストラリア,アメリカ,フランス,ドイツ,アメリカ,アメリカ
大学名（留学先機関）,University of Toronto,University of Toronto,Tsinghua University,NUS,Seoul National University,University of Manchester,NUS,NUS,University of Sydney,Politecnico di Milano,University of Manchester,Sorbonne Université,University of Manchester,Technical University of Munich,University of Sydney,Rice University,Sorbonne Université,Technical University of Munich,Rice University,Rice University
指導言語,英語,英語,中国語/英語,英語,韓国語/英語,英語,英語,英語,英語,英語/イタリア語,英語,英語/フランス語,英語,英語/ドイツ語,英語,英語,英語/フランス語,英語/ドイツ語,英語,英語
所属（英語）/専攻,Pharmacology,Computer Science,Pharmacology,Computer Science,Biology,Pharmacology,Materials Science,Computer Science,Education,Materials Science,Materials Science,Computer Science,Computer Science,Chemistry,Materials Science,Mechanical Engineering,Computer Science,Mechanical Engineering,Materials Science,Economics
〔留学前〕大学を選んだ理由,University of TorontoはPharmacology分野で評価が高く、少人数での指導が受けられると聞いたため。,University of TorontoはComputer Science分野で評価が高く、少人数での指導が受けられると聞いたため。,Tsinghua UniversityはPharmacology分野で評価が高く、少人数での指導が受けられると聞いたため。,NUSはComputer Science分野で評価が高く、少人数での指導が受けられると聞いたため。,Seoul National UniversityはBiology分野で評価が高く、少人数での指導が受けられると聞いたため。,University of ManchesterはPharmacology分野で評価が高く、少人数での指導が受けられると聞いたため。,NUSはMaterials Science分野で評価が高く、少人数での指導が受けられると聞いたため。,NUSはComputer Science分野で評価が高く、少人数での指導が受けられると聞いたため。,University of SydneyはEducation分野で評価が高く、少人数での指導が受けられると聞いたため。,Politecnico di MilanoはMaterials Science分野で評価が高く、少人数での指導が受けられると聞いたため。,University of ManchesterはMaterials Science分野で評価が高く、少人数での指導が受けられると聞いたため。,Sorbonne UniversitéはComputer Science分野で評価が高く、少人数での指導が受けられると聞いたため。,University of ManchesterはComputer Science分野で評価が高く、少人数での指導が受けられると聞いたため。,Technical University of MunichはChemistry分野で評価が高く、少人数での指導が受けられると聞いたため。,University of SydneyはMaterials Science分野で評価が高く、少人数での指導が受けられると聞いたため。,Rice UniversityはMechanical Engineering分野で評価が高く、少人数での指導が受けられると聞いたため。,Sorbonne UniversitéはComputer Science分野で評価が高く、少人数での指導が受けられると聞いたため。,Technical University of MunichはMechanical Engineering分野で評価が高く、少人数での指導が受けられると聞いたため。,Rice UniversityはMaterials Science分野で評価が高く、少人数での指導が受けられると聞いたため。,Rice UniversityはEconomics分野で評価が高く、少人数での指導が受けられると聞いたため。
〔留学前〕決め手となった助言・イベント,ゼミの先輩から具体的な履修例を聞き、不安が減ったことが大きかった。,ゼミの先輩から具体的な履修例を聞き、不安が減ったことが大きかった。,ゼミの先輩から具体的な履修例を聞き、不安が減ったことが大きかった。,ゼミの先輩から具体的な履修例を聞き、不安が減ったことが大きかった。,ゼミの先輩から具体的な履修例を聞き、不安が減ったことが大きかった。,ゼミの先輩から具体的な履修例を聞き、不安が減ったことが大きかった。,ゼミの先輩から具体的な履修例を聞き、不安が減ったことが大きかった。,ゼミの先輩から具体的な履修例を聞き、不安が減ったことが大きかった。,ゼミの先輩から具体的な履修例を聞き、不安が減ったことが大きかった。,ゼミの先輩から具体的な履修例を聞き、不安が減ったことが大きかった。,ゼミの先輩から具体的な履修例を聞き、不安が減ったことが大きかった。,ゼミの先輩から具体的な履修例を聞き、不安が減ったことが大きかった。,ゼミの先輩から具体的な履修例を聞き、不安が減ったことが大きかった。,ゼミの先輩から具体的な履修例を聞き、不安が減ったことが大きかった。,ゼミの先輩から具体的な履修例を聞き、不安が減ったことが大きかった。,ゼミの先輩から具体的な履修例を聞き、不安が減ったことが大きかった。,ゼミの先輩から具体的な履修例を聞き、不安が減ったことが大きかった。,ゼミの先輩から具体的な履修例を聞き、不安が減ったことが大きかった。,ゼミの先輩から具体的な履修例を聞き、不安が減ったことが大きかった。,ゼミの先輩から具体的な履修例を聞き、不安が減ったことが大きかった。
語学試験名,IELTS,TOEFL iBT,TOEFL iBT,IELTS,TOEIC,TOEFL iBT,TOEIC,TOEFL iBT,TOEIC,TOEFL iBT,IELTS,TOEFL iBT,IELTS,TOEFL iBT,IELTS,TOEIC,TOEIC,IELTS,IELTS,IELTS
語学スコア,7.4,96,101,6.5,708,78,854,106,919,108,8.1,93,6.6,74,7.3,720,608,8.3,7.6,6.1
〔留学中〕日常生活の言語困難度,ほとんど困らなかった,ほとんど困らなかった,ほとんど困らなかった,ほとんど困らなかった,かなり困った,少し困った,かなり困った,かなり困った,少し困った,ほとんど困らなかった,ほとんど困らなかった,かなり困った,ほとんど困らなかった,かなり困った,ほとんど困らなかった,少し困った,かなり困った,ほとんど困らなかった,ほとんど困らなかった,ほとんど困らなかった
困らなくなるまでの月数（日常）,2,3,3,3,2,2,2,3,0,3,2,3,1,1,0,0,2,3,2,0
〔留学中〕授業・研究の理解度,ほとんど困らなかった,ほとんど困らなかった,少し困った,かなり困った,かなり困った,少し困った,ほとんど困らなかった,ほとんど困らなかった,ほとんど困らなかった,かなり困った,かなり困った,かなり困った,ほとんど困らなかった,少し困った,少し困った,かなり困った,ほとんど困らなかった,ほとんど困らなかった,少し困った,ほとんど困らなかった
困らなくなるまでの月数（授業）,3,3,1,1,3,1,1,1,4,3,1,4,2,4,3,3,3,3,1,2
〔留学中〕発言の困難度,かなり困った,かなり困った,かなり困った,かなり困った,かなり困った,少し困った,かなり困った,かなり困った,少し困った,かなり困った,少し困った,少し困った,少し困った,少し困った,少し困った,少し困った,かなり困った,かなり困った,かなり困った,かなり困った
困らなくなるまでの月数（発言）,1,4,4,1,4,2,3,3,4,2,3,2,1,2,1,4,2,5,5,5
〔留学中〕文献読解の困難度,かなり困った,少し困った,かなり困った,少し困った,ほとんど困らなかった,かなり困った,ほとんど困らなかった,少し困った,少し困った,少し困った,少し困った,少し困った,ほとんど困らなかった,少し困った,ほとんど困らなかった,ほとんど困らなかった,少し困った,少し困った,ほとんど困らなかった,ほとんど困らなかった
〔留学中〕レポート執筆の困難度,かなり困った,かなり困った,かなり困った,ほとんど困らなかった,少し困った,少し困った,少し困った,少し困った,ほとんど困らなかった,かなり困った,ほとんど困らなかった,かなり困った,ほとんど困らなかった,少し困った,少し困った,少し困った,ほとんど困らなかった,少し困った,かなり困った,少し困った
語学向上のために努力したこと,現地のサークル活動に積極的に参加し、英語での雑談量を増やした。,ラボミーティングで必ず1回は質問することを自分に課した。,現地のサークル活動に積極的に参加し、英語での雑談量を増やした。,現地のサークル活動に積極的に参加し、英語での雑談量を増やした。,毎日30分のシャドーイングと週1回のオンライン英会話を継続した。,毎日30分のシャドーイングと週1回のオンライン英会話を継続した。,ラボミーティングで必ず1回は質問することを自分に課した。,ラボミーティングで必ず1回は質問することを自分に課した。,ラボミーティングで必ず1回は質問することを自分に課した。,現地のサークル活動に積極的に参加し、英語での雑談量を増やした。,毎日30分のシャドーイングと週1回のオンライン英会話を継続した。,毎日30分のシャドーイングと週1回のオンライン英会話を継続した。,毎日30分のシャドーイングと週1回のオンライン英会話を継続した。,ニュース番組やポッドキャストを通学時間に聞き流し、耳を慣らした。,ニュース番組やポッドキャストを通学時間に聞き流し、耳を慣らした。,現地のサークル活動に積極的に参加し、英語での雑談量を増やした。,現地のサークル活動に積極的に参加し、英語での雑談量を増やした。,毎日30分のシャドーイングと週1回のオンライン英会話を継続した。,現地のサークル活動に積極的に参加し、英語での雑談量を増やした。,ニュース番組やポッドキャストを通学時間に聞き流し、耳を慣らした。
事前打ち合わせ回数,5,1,0,6,5,5,0,1,2,2,6,0,3,3,3,5,2,6,3,6
現地到着後の準備内容,到着後1週間はオリエンテーションや各種登録手続きが続き、その合間に街の位置関係を覚えた。,到着後1週間はオリエンテーションや各種登録手続きが続き、その合間に街の位置関係を覚えた。,到着後1週間はオリエンテーションや各種登録手続きが続き、その合間に街の位置関係を覚えた。,到着後1週間はオリエンテーションや各種登録手続きが続き、その合間に街の位置関係を覚えた。,到着後1週間はオリエンテーションや各種登録手続きが続き、その合間に街の位置関係を覚えた。,到着後1週間はオリエンテーションや各種登録手続きが続き、その合間に街の位置関係を覚えた。,到着後1週間はオリエンテーションや各種登録手続きが続き、その合間に街の位置関係を覚えた。,到着後1週間はオリエンテーションや各種登録手続きが続き、その合間に街の位置関係を覚えた。,到着後1週間はオリエンテーションや各種登録手続きが続き、その合間に街の位置関係を覚えた。,到着後1週間はオリエンテーションや各種登録手続きが続き、その合間に街の位置関係を覚えた。,到着後1週間はオリエンテーションや各種登録手続きが続き、その合間に街の位置関係を覚えた。,到着後1週間はオリエンテーションや各種登録手続きが続き、その合間に街の位置関係を覚えた。,到着後1週間はオリエンテーションや各種登録手続きが続き、その合間に街の位置関係を覚えた。,到着後1週間はオリエンテーションや各種登録手続きが続き、その合間に街の位置関係を覚えた。,到着後1週間はオリエンテーションや各種登録手続きが続き、その合間に街の位置関係を覚えた。,到着後1週間はオリエンテーションや各種登録手続きが続き、その合間に街の位置関係を覚えた。,到着後1週間はオリエンテーションや各種登録手続きが続き、その合間に街の位置関係を覚えた。,到着後1週間はオリエンテーションや各種登録手続きが続き、その合間に街の位置関係を覚えた。,到着後1週間はオリエンテーションや各種登録手続きが続き、その合間に街の位置関係を覚えた。,到着後1週間はオリエンテーションや各種登録手続きが続き、その合間に街の位置関係を覚えた。
週あたりの研究/学習時間（時間）,27,46,26,31,40,24,50,46,22,50,28,34,40,22,24,24,30,49,50,48
単位互換の有無,あり,なし,あり,なし,あり,なし,あり,あり,なし,あり,なし,なし,なし,なし,あり,あり,あり,あり,あり,なし
研究概要・内容（要約）,専攻分野に関連するテーマで小規模なプロジェクトに参加し、データ収集から発表まで一連の流れを経験した。,専攻分野に関連するテーマで小規模なプロジェクトに参加し、データ収集から発表まで一連の流れを経験した。,専攻分野に関連するテーマで小規模なプロジェクトに参加し、データ収集から発表まで一連の流れを経験した。,専攻分野に関連するテーマで小規模なプロジェクトに参加し、データ収集から発表まで一連の流れを経験した。,専攻分野に関連するテーマで小規模なプロジェクトに参加し、データ収集から発表まで一連の流れを経験した。,専攻分野に関連するテーマで小規模なプロジェクトに参加し、データ収集から発表まで一連の流れを経験した。,専攻分野に関連するテーマで小規模なプロジェクトに参加し、データ収集から発表まで一連の流れを経験した。,専攻分野に関連するテーマで小規模なプロジェクトに参加し、データ収集から発表まで一連の流れを経験した。,専攻分野に関連するテーマで小規模なプロジェクトに参加し、データ収集から発表まで一連の流れを経験した。,専攻分野に関連するテーマで小規模なプロジェクトに参加し、データ収集から発表まで一連の流れを経験した。,専攻分野に関連するテーマで小規模なプロジェクトに参加し、データ収集から発表まで一連の流れを経験した。,専攻分野に関連するテーマで小規模なプロジェクトに参加し、データ収集から発表まで一連の流れを経験した。,専攻分野に関連するテーマで小規模なプロジェクトに参加し、データ収集から発表まで一連の流れを経験した。,専攻分野に関連するテーマで小規模なプロジェクトに参加し、データ収集から発表まで一連の流れを経験した。,専攻分野に関連するテーマで小規模なプロジェクトに参加し、データ収集から発表まで一連の流れを経験した。,専攻分野に関連するテーマで小規模なプロジェクトに参加し、データ収集から発表まで一連の流れを経験した。,専攻分野に関連するテーマで小規模なプロジェクトに参加し、データ収集から発表まで一連の流れを経験した。,専攻分野に関連するテーマで小規模なプロジェクトに参加し、データ収集から発表まで一連の流れを経験した。,専攻分野に関連するテーマで小規模なプロジェクトに参加し、データ収集から発表まで一連の流れを経験した。,専攻分野に関連するテーマで小規模なプロジェクトに参加し、データ収集から発表まで一連の流れを経験した。
本学との違い,授業中の学生の発言量が多く、教員も『分からないことはその場でどんどん聞いてほしい』というスタンスだった。,授業中の学生の発言量が多く、教員も『分からないことはその場でどんどん聞いてほしい』というスタンスだった。,授業中の学生の発言量が多く、教員も『分からないことはその場でどんどん聞いてほしい』というスタンスだった。,授業中の学生の発言量が多く、教員も『分からないことはその場でどんどん聞いてほしい』というスタンスだった。,授業中の学生の発言量が多く、教員も『分からないことはその場でどんどん聞いてほしい』というスタンスだった。,授業中の学生の発言量が多く、教員も『分からないことはその場でどんどん聞いてほしい』というスタンスだった。,授業中の学生の発言量が多く、教員も『分からないことはその場でどんどん聞いてほしい』というスタンスだった。,授業中の学生の発言量が多く、教員も『分からないことはその場でどんどん聞いてほしい』というスタンスだった。,授業中の学生の発言量が多く、教員も『分からないことはその場でどんどん聞いてほしい』というスタンスだった。,授業中の学生の発言量が多く、教員も『分からないことはその場でどんどん聞いてほしい』というスタンスだった。,授業中の学生の発言量が多く、教員も『分からないことはその場でどんどん聞いてほしい』というスタンスだった。,授業中の学生の発言量が多く、教員も『分からないことはその場でどんどん聞いてほしい』というスタンスだった。,授業中の学生の発言量が多く、教員も『分からないことはその場でどんどん聞いてほしい』というスタンスだった。,授業中の学生の発言量が多く、教員も『分からないことはその場でどんどん聞いてほしい』というスタンスだった。,授業中の学生の発言量が多く、教員も『分からないことはその場でどんどん聞いてほしい』というスタンスだった。,授業中の学生の発言量が多く、教員も『分からないことはその場でどんどん聞いてほしい』というスタンスだった。,授業中の学生の発言量が多く、教員も『分からないことはその場でどんどん聞いてほしい』というスタンスだった。,授業中の学生の発言量が多く、教員も『分からないことはその場でどんどん聞いてほしい』というスタンスだった。,授業中の学生の発言量が多く、教員も『分からないことはその場でどんどん聞いてほしい』というスタンスだった。,授業中の学生の発言量が多く、教員も『分からないことはその場でどんどん聞いてほしい』というスタンスだった。
課外活動の参加頻度,週に2回以上,週に2回以上,月に1回～数回程度,一学期に1回～数回程度,一学期に1回～数回程度,週に2回以上,週に1回程度,参加しなかった,週に2回以上,週に1回程度,週に1回程度,週に1回程度,参加しなかった,週に2回以上,週に1回程度,週に2回以上,月に1回～数回程度,週に1回程度,週に2回以上,月に1回～数回程度
活動内容,ハッカソンや勉強会に参加し、他大学の学生とも交流した。,ハッカソンや勉強会に参加し、他大学の学生とも交流した。,バドミントンサークルと日本文化紹介イベントに参加した。,ハッカソンや勉強会に参加し、他大学の学生とも交流した。,バドミントンサークルと日本文化紹介イベントに参加した。,週末に友人と近郊の観光地を巡りながら、写真撮影を楽しんだ。,ボランティア団体でチューターとして留学生サポートを行った。,バドミントンサークルと日本文化紹介イベントに参加した。,週末に友人と近郊の観光地を巡りながら、写真撮影を楽しんだ。,バドミントンサークルと日本文化紹介イベントに参加した。,ハッカソンや勉強会に参加し、他大学の学生とも交流した。,バドミントンサークルと日本文化紹介イベントに参加した。,バドミントンサークルと日本文化紹介イベントに参加した。,週末に友人と近郊の観光地を巡りながら、写真撮影を楽しんだ。,バドミントンサークルと日本文化紹介イベントに参加した。,週末に友人と近郊の観光地を巡りながら、写真撮影を楽しんだ。,バドミントンサークルと日本文化紹介イベントに参加した。,週末に友人と近郊の観光地を巡りながら、写真撮影を楽しんだ。,バドミントンサークルと日本文化紹介イベントに参加した。,バドミントンサークルと日本文化紹介イベントに参加した。
キャンパス施設の良し悪し,図書館の開館時間が長く、自習スペースが充実していた点が特に良かった。,図書館の開館時間が長く、自習スペースが充実していた点が特に良かった。,図書館の開館時間が長く、自習スペースが充実していた点が特に良かった。,図書館の開館時間が長く、自習スペースが充実していた点が特に良かった。,図書館の開館時間が長く、自習スペースが充実していた点が特に良かった。,図書館の開館時間が長く、自習スペースが充実していた点が特に良かった。,図書館の開館時間が長く、自習スペースが充実していた点が特に良かった。,図書館の開館時間が長く、自習スペースが充実していた点が特に良かった。,図書館の開館時間が長く、自習スペースが充実していた点が特に良かった。,図書館の開館時間が長く、自習スペースが充実していた点が特に良かった。,図書館の開館時間が長く、自習スペースが充実していた点が特に良かった。,図書館の開館時間が長く、自習スペースが充実していた点が特に良かった。,図書館の開館時間が長く、自習スペースが充実していた点が特に良かった。,図書館の開館時間が長く、自習スペースが充実していた点が特に良かった。,図書館の開館時間が長く、自習スペースが充実していた点が特に良かった。,図書館の開館時間が長く、自習スペースが充実していた点が特に良かった。,図書館の開館時間が長く、自習スペースが充実していた点が特に良かった。,図書館の開館時間が長く、自習スペースが充実していた点が特に良かった。,図書館の開館時間が長く、自習スペースが充実していた点が特に良かった。,図書館の開館時間が長く、自習スペースが充実していた点が特に良かった。
キャンパスの安全性,とても安全,あまり安全とは言えない,注意すれば問題ない,とても安全,概ね安全,あまり安全とは言えない,とても安全,あまり安全とは言えない,注意すれば問題ない,とても安全,注意すれば問題ない,あまり安全とは言えない,とても安全,概ね安全,注意すれば問題ない,注意すれば問題ない,注意すれば問題ない,概ね安全,とても安全,とても安全
安全のために気を付けたこと,夜は複数人で行動し、貴重品は前ポケットかボディバッグで管理した。,夜は複数人で行動し、貴重品は前ポケットかボディバッグで管理した。,夜は複数人で行動し、貴重品は前ポケットかボディバッグで管理した。,夜は複数人で行動し、貴重品は前ポケットかボディバッグで管理した。,夜は複数人で行動し、貴重品は前ポケットかボディバッグで管理した。,夜は複数人で行動し、貴重品は前ポケットかボディバッグで管理した。,夜は複数人で行動し、貴重品は前ポケットかボディバッグで管理した。,夜は複数人で行動し、貴重品は前ポケットかボディバッグで管理した。,夜は複数人で行動し、貴重品は前ポケットかボディバッグで管理した。,夜は複数人で行動し、貴重品は前ポケットかボディバッグで管理した。,夜は複数人で行動し、貴重品は前ポケットかボディバッグで管理した。,夜は複数人で行動し、貴重品は前ポケットかボディバッグで管理した。,夜は複数人で行動し、貴重品は前ポケットかボディバッグで管理した。,夜は複数人で行動し、貴重品は前ポケットかボディバッグで管理した。,夜は複数人で行動し、貴重品は前ポケットかボディバッグで管理した。,夜は複数人で行動し、貴重品は前ポケットかボディバッグで管理した。,夜は複数人で行動し、貴重品は前ポケットかボディバッグで管理した。,夜は複数人で行動し、貴重品は前ポケットかボディバッグで管理した。,夜は複数人で行動し、貴重品は前ポケットかボディバッグで管理した。,夜は複数人で行動し、貴重品は前ポケットかボディバッグで管理した。
治安状況（具体例）,地下鉄駅周辺にホームレスがいることがあったが、特に危険な場面はなかった。,地下鉄駅周辺にホームレスがいることがあったが、特に危険な場面はなかった。,昼間は非常に落ち着いており、大学周辺は学生が多く安心して歩けた。,昼間は非常に落ち着いており、大学周辺は学生が多く安心して歩けた。,繁華街ではスリが多いと聞いたため、リュックは前に抱えて歩くようにした。,地下鉄駅周辺にホームレスがいることがあったが、特に危険な場面はなかった。,昼間は非常に落ち着いており、大学周辺は学生が多く安心して歩けた。,繁華街ではスリが多いと聞いたため、リュックは前に抱えて歩くようにした。,昼間は非常に落ち着いており、大学周辺は学生が多く安心して歩けた。,繁華街ではスリが多いと聞いたため、リュックは前に抱えて歩くようにした。,繁華街ではスリが多いと聞いたため、リュックは前に抱えて歩くようにした。,繁華街ではスリが多いと聞いたため、リュックは前に抱えて歩くようにした。,昼間は非常に落ち着いており、大学周辺は学生が多く安心して歩けた。,繁華街ではスリが多いと聞いたため、リュックは前に抱えて歩くようにした。,昼間は非常に落ち着いており、大学周辺は学生が多く安心して歩けた。,地下鉄駅周辺にホームレスがいることがあったが、特に危険な場面はなかった。,昼間は非常に落ち着いており、大学周辺は学生が多く安心して歩けた。,昼間は非常に落ち着いており、大学周辺は学生が多く安心して歩けた。,地下鉄駅周辺にホームレスがいることがあったが、特に危険な場面はなかった。,昼間は非常に落ち着いており、大学周辺は学生が多く安心して歩けた。
通学・交通事情,通学時間は片道約40分で、乗り換えも分かりやすくストレスは少なかった。,通学時間は片道約40分で、乗り換えも分かりやすくストレスは少なかった。,通学時間は片道約40分で、乗り換えも分かりやすくストレスは少なかった。,ICカード一枚でバスと地下鉄を利用でき便利だった。夜間は人通りの多い駅を選んで利用した。,キャンパス内は徒歩圏内だが、雨の日はシェアスクーターを活用した。,通学時間は片道約40分で、乗り換えも分かりやすくストレスは少なかった。,自転車通学が一般的で、専用レーンが整備されており走りやすかった。,ICカード一枚でバスと地下鉄を利用でき便利だった。夜間は人通りの多い駅を選んで利用した。,通学時間は片道約40分で、乗り換えも分かりやすくストレスは少なかった。,通学時間は片道約40分で、乗り換えも分かりやすくストレスは少なかった。,ICカード一枚でバスと地下鉄を利用でき便利だった。夜間は人通りの多い駅を選んで利用した。,通学時間は片道約40分で、乗り換えも分かりやすくストレスは少なかった。,通学時間は片道約40分で、乗り換えも分かりやすくストレスは少なかった。,ICカード一枚でバスと地下鉄を利用でき便利だった。夜間は人通りの多い駅を選んで利用した。,ICカード一枚でバスと地下鉄を利用でき便利だった。夜間は人通りの多い駅を選んで利用した。,通学時間は片道約40分で、乗り換えも分かりやすくストレスは少なかった。,通学時間は片道約40分で、乗り換えも分かりやすくストレスは少なかった。,キャンパス内は徒歩圏内だが、雨の日はシェアスクーターを活用した。,ICカード一枚でバスと地下鉄を利用でき便利だった。夜間は人通りの多い駅を選んで利用した。,通学時間は片道約40分で、乗り換えも分かりやすくストレスは少なかった。
留学前の旅行保険加入の有無,はい,はい,いいえ,はい,はい,はい,はい,はい,はい,はい,はい,いいえ,はい,はい,はい,はい,はい,はい,はい,はい
現地機関の保険加入義務,はい,はい,いいえ,いいえ,はい,はい,はい,いいえ,いいえ,はい,いいえ,はい,いいえ,はい,はい,はい,いいえ,はい,はい,いいえ
住居形態,寮,ホームステイ,ホームステイ,ホームステイ,ホームステイ,民間アパート,ホームステイ,ホームステイ,寮,ホームステイ,ホームステイ,寮,ホームステイ,寮,寮,民間アパート,ホームステイ,ホームステイ,民間アパート,民間アパート
住居の探し方,大学のハウジングオフィス経由で寮を申し込み、比較的スムーズに決まった。,エージェントを利用してホームステイ先を紹介してもらい、到着前に条件をすり合わせた。,エージェントを利用してホームステイ先を紹介してもらい、到着前に条件をすり合わせた。,現地学生向けの掲示板サイトを使い、オンライン内見を経てアパートを契約した。,大学のハウジングオフィス経由で寮を申し込み、比較的スムーズに決まった。,現地学生向けの掲示板サイトを使い、オンライン内見を経てアパートを契約した。,大学のハウジングオフィス経由で寮を申し込み、比較的スムーズに決まった。,大学のハウジングオフィス経由で寮を申し込み、比較的スムーズに決まった。,エージェントを利用してホームステイ先を紹介してもらい、到着前に条件をすり合わせた。,大学のハウジングオフィス経由で寮を申し込み、比較的スムーズに決まった。,大学のハウジングオフィス経由で寮を申し込み、比較的スムーズに決まった。,大学のハウジングオフィス経由で寮を申し込み、比較的スムーズに決まった。,現地学生向けの掲示板サイトを使い、オンライン内見を経てアパートを契約した。,大学のハウジングオフィス経由で寮を申し込み、比較的スムーズに決まった。,大学のハウジングオフィス経由で寮を申し込み、比較的スムーズに決まった。,大学のハウジングオフィス経由で寮を申し込み、比較的スムーズに決まった。,大学のハウジングオフィス経由で寮を申し込み、比較的スムーズに決まった。,エージェントを利用してホームステイ先を紹介してもらい、到着前に条件をすり合わせた。,現地学生向けの掲示板サイトを使い、オンライン内見を経てアパートを契約した。,エージェントを利用してホームステイ先を紹介してもらい、到着前に条件をすり合わせた。
生活費（月額）-宿舎費,117000,127000,56000,131000,79000,90000,203000,144000,86000,71000,78000,138000,90000,127000,159000,94000,77000,104000,118000,194000
生活費（月額）-食費,104000,94000,69000,0,0,30000,87000,49000,81000,40000,44000,120000,18000,48000,27000,11000,0,9000,47000,32000
生活費（月額）-交通費,1000,0,62000,7000,31000,41000,42000,21000,2000,0,41000,0,66000,0,25000,12000,0,26000,0,0
生活費（月額）-通信費,6000,3000,2000,2000,4000,3000,4000,4000,3000,2000,2000,2000,5000,2000,5000,2000,4000,2000,4000,6000
生活費（月額）-その他,8000,21000,3000,0,29000,29000,32000,0,13000,5000,67000,44000,0,36000,0,0,41000,59000,38000,7000
生活費（月額）-合計,236000,245000,192000,140000,143000,193000,368000,218000,185000,118000,232000,304000,179000,213000,216000,119000,122000,200000,207000,239000
奨学金の有無,受給していた,受給していた,受給していない,受給していた,受給していた,受給していない,受給していた,受給していない,受給していない,受給していない,受給していない,受給していない,受給していない,受給していない,受給していた,受給していた,受給していない,受給していた,受給していた,受給していない
奨学金の種類,学内奨学金,現地奨学金,,民間財団奨学金,現地奨学金,,学内奨学金,,,,,,,,民間財団奨学金,学内奨学金,,民間財団奨学金,現地奨学金,
奨学金-受給額（月額円）,100000,100000,0,80000,110000,0,100000,0,0,0,0,0,0,0,80000,80000,0,50000,100000,0
通信手段,ローミング,Wi-Fiルーター,現地SIM（プリペイド）,現地SIM（プリペイド）,現地SIM（プリペイド）,現地SIM（プリペイド）,現地SIM（プリペイド）,ローミング,Wi-Fiルーター,Wi-Fiルーター,Wi-Fiルーター,Wi-Fiルーター,eSIM,Wi-Fiルーター,Wi-Fiルーター,現地SIM（プリペイド）,ローミング,現地SIM（プリペイド）,ローミング,現地SIM（プリペイド）
留学の成果・課題（要約）,時間管理やタスクの優先順位付けを徹底する習慣が身についた一方、長期休暇中の過ごし方にはまだ改善の余地を感じた。,英語で専門的な内容を説明することに抵抗がなくなり、将来の進路の選択肢が広がった。,時間管理やタスクの優先順位付けを徹底する習慣が身についた一方、長期休暇中の過ごし方にはまだ改善の余地を感じた。,異なるバックグラウンドを持つ学生と議論する中で、自分の専門を相対化して捉え直す視点が得られた。,時間管理やタスクの優先順位付けを徹底する習慣が身についた一方、長期休暇中の過ごし方にはまだ改善の余地を感じた。,異なるバックグラウンドを持つ学生と議論する中で、自分の専門を相対化して捉え直す視点が得られた。,時間管理やタスクの優先順位付けを徹底する習慣が身についた一方、長期休暇中の過ごし方にはまだ改善の余地を感じた。,英語で専門的な内容を説明することに抵抗がなくなり、将来の進路の選択肢が広がった。,英語で専門的な内容を説明することに抵抗がなくなり、将来の進路の選択肢が広がった。,時間管理やタスクの優先順位付けを徹底する習慣が身についた一方、長期休暇中の過ごし方にはまだ改善の余地を感じた。,時間管理やタスクの優先順位付けを徹底する習慣が身についた一方、長期休暇中の過ごし方にはまだ改善の余地を感じた。,時間管理やタスクの優先順位付けを徹底する習慣が身についた一方、長期休暇中の過ごし方にはまだ改善の余地を感じた。,英語で専門的な内容を説明することに抵抗がなくなり、将来の進路の選択肢が広がった。,英語で専門的な内容を説明することに抵抗がなくなり、将来の進路の選択肢が広がった。,英語で専門的な内容を説明することに抵抗がなくなり、将来の進路の選択肢が広がった。,異なるバックグラウンドを持つ学生と議論する中で、自分の専門を相対化して捉え直す視点が得られた。,英語で専門的な内容を説明することに抵抗がなくなり、将来の進路の選択肢が広がった。,英語で専門的な内容を説明することに抵抗がなくなり、将来の進路の選択肢が広がった。,時間管理やタスクの優先順位付けを徹底する習慣が身についた一方、長期休暇中の過ごし方にはまだ改善の余地を感じた。,時間管理やタスクの優先順位付けを徹底する習慣が身についた一方、長期休暇中の過ごし方にはまだ改善の余地を感じた。
後輩へのアドバイス,トラブルが起きた時に一人で抱え込まず、早めに現地の担当者やチューターに相談することをおすすめします。,語学力だけでなく、健康面やお金の管理など生活力も事前に意識して準備しておくと安心です。,『何を学びたいか』『日本に帰ってからどう活かすか』を自分なりの言葉で説明できるようにしておくと、現地で迷いが少なくなります。,トラブルが起きた時に一人で抱え込まず、早めに現地の担当者やチューターに相談することをおすすめします。,トラブルが起きた時に一人で抱え込まず、早めに現地の担当者やチューターに相談することをおすすめします。,『何を学びたいか』『日本に帰ってからどう活かすか』を自分なりの言葉で説明できるようにしておくと、現地で迷いが少なくなります。,『何を学びたいか』『日本に帰ってからどう活かすか』を自分なりの言葉で説明できるようにしておくと、現地で迷いが少なくなります。,『何を学びたいか』『日本に帰ってからどう活かすか』を自分なりの言葉で説明できるようにしておくと、現地で迷いが少なくなります。,語学力だけでなく、健康面やお金の管理など生活力も事前に意識して準備しておくと安心です。,語学力だけでなく、健康面やお金の管理など生活力も事前に意識して準備しておくと安心です。,完璧な英語を話そうとせず、まずは伝えようとする姿勢を大事にしてほしいです。,トラブルが起きた時に一人で抱え込まず、早めに現地の担当者やチューターに相談することをおすすめします。,語学力だけでなく、健康面やお金の管理など生活力も事前に意識して準備しておくと安心です。,語学力だけでなく、健康面やお金の管理など生活力も事前に意識して準備しておくと安心です。,完璧な英語を話そうとせず、まずは伝えようとする姿勢を大事にしてほしいです。,語学力だけでなく、健康面やお金の管理など生活力も事前に意識して準備しておくと安心です。,語学力だけでなく、健康面やお金の管理など生活力も事前に意識して準備しておくと安心です。,語学力だけでなく、健康面やお金の管理など生活力も事前に意識して準備しておくと安心です。,完璧な英語を話そうとせず、まずは伝えようとする姿勢を大事にしてほしいです。,完璧な英語を話そうとせず、まずは伝えようとする姿勢を大事にしてほしいです。
